speed,steering_angle,position,rotation,rotation_speed
-0.01537624999999987,0.0,"Vec3(-1.3, 0.380419, -0.600095)","Vec3(0, 0, 0)",0
-0.03093424999999983,0.0,"Vec3(-1.3, 0.380419, -0.600287)","Vec3(0, 0, 0)",0
-0.04809249999999987,0.0,"Vec3(-1.3, 0.380419, -0.600617)","Vec3(0, 0, 0)",0
-0.06185549999999984,0.0,"Vec3(-1.3, 0.380419, -0.600958)","Vec3(0, 0, 0)",0
-0.07725574999999929,0.0,"Vec3(-1.3, 0.380419, -0.601434)","Vec3(0, 0, 0)",0
-0.09215924999999903,0.0,"Vec3(-1.3, 0.380419, -0.601983)","Vec3(0, 0, 0)",0
-0.10595074999999898,0.0,"Vec3(-1.3, 0.380419, -0.602567)","Vec3(0, 0, 0)",0
-0.11944974999999913,0.0,"Vec3(-1.3, 0.380419, -0.603212)","Vec3(0, 0, 0)",0
-0.13347524999999916,0.0,"Vec3(-1.3, 0.380419, -0.603961)","Vec3(0, 0, 0)",0
-0.1493692499999999,0.0,"Vec3(-1.3, 0.380419, -0.604911)","Vec3(0, 0, 0)",0
-0.1785104999999998,0.0,"Vec3(-1.3, 0.380419, -0.606992)","Vec3(0, 0, 0)",0
-0.19167924999999975,0.0,"Vec3(-1.3, 0.380419, -0.608001)","Vec3(0, 0, 0)",0
-0.20417924999999948,0.0,"Vec3(-1.3, 0.380419, -0.609022)","Vec3(0, 0, 0)",0
-0.21661225000000006,0.0,"Vec3(-1.3, 0.380419, -0.610099)","Vec3(0, 0, 0)",0
-0.228529999999999,0.0,"Vec3(-1.3, 0.380419, -0.611189)","Vec3(0, 0, 0)",0
-0.24129449999999997,0.0,"Vec3(-1.3, 0.380419, -0.612421)","Vec3(0, 0, 0)",0
-0.25442824999999947,0.0,"Vec3(-1.3, 0.380419, -0.613758)","Vec3(0, 0, 0)",0
-0.26932574999999903,0.0,"Vec3(-1.3, 0.380419, -0.615363)","Vec3(0, 0, 0)",0
-0.2843534999999997,0.0,"Vec3(-1.3, 0.380419, -0.617072)","Vec3(0, 0, 0)",0
-0.2996357499999991,0.0,"Vec3(-1.3, 0.380419, -0.618903)","Vec3(0, 0, 0)",0
-0.31458049999999904,0.0,"Vec3(-1.3, 0.380419, -0.620784)","Vec3(0, 0, 0)",0
-0.3298689999999993,0.0,"Vec3(-1.3, 0.380419, -0.622801)","Vec3(0, 0, 0)",0
-0.34642774999999904,0.0,"Vec3(-1.3, 0.380419, -0.625096)","Vec3(0, 0, 0)",0
-0.36562349999999966,0.0,"Vec3(-1.3, 0.380419, -0.627903)","Vec3(0, 0, 0)",0
-0.38038999999999934,0.0,"Vec3(-1.3, 0.380419, -0.63015)","Vec3(0, 0, 0)",0
-0.39410474999999945,0.0,"Vec3(-1.3, 0.380419, -0.632312)","Vec3(0, 0, 0)",0
-0.40658374999999913,0.0,"Vec3(-1.3, 0.380419, -0.634341)","Vec3(0, 0, 0)",0
-0.4202534999999996,0.0,"Vec3(-1.3, 0.380419, -0.636639)","Vec3(0, 0, 0)",0
-0.4359642499999994,0.0,"Vec3(-1.3, 0.380419, -0.639379)","Vec3(0, 0, 0)",0
-0.450892249999999,0.0,"Vec3(-1.3, 0.380419, -0.642071)","Vec3(0, 0, 0)",0
-0.48186224999999916,0.0,"Vec3(-1.3, 0.380419, -0.648041)","Vec3(0, 0, 0)",0
-0.4955899999999991,0.0,"Vec3(-1.3, 0.380419, -0.650762)","Vec3(0, 0, 0)",0
-0.5084032499999991,0.0,"Vec3(-1.3, 0.380419, -0.653368)","Vec3(0, 0, 0)",0
-0.521439749999999,0.0,"Vec3(-1.3, 0.380419, -0.656087)","Vec3(0, 0, 0)",0
-0.5361562499999994,0.0,"Vec3(-1.3, 0.380419, -0.659243)","Vec3(0, 0, 0)",0
-0.5493242499999995,0.0,"Vec3(-1.3, 0.380419, -0.662136)","Vec3(0, 0, 0)",0
-0.5623262499999993,0.0,"Vec3(-1.3, 0.380419, -0.665061)","Vec3(0, 0, 0)",0
-0.5746874999999996,0.0,"Vec3(-1.3, 0.380419, -0.667902)","Vec3(0, 0, 0)",0
-0.5882992499999995,0.0,"Vec3(-1.3, 0.380419, -0.671106)","Vec3(0, 0, 0)",0
-0.6182917499999996,0.0,"Vec3(-1.3, 0.380419, -0.678523)","Vec3(0, 0, 0)",0
-0.6323947499999993,0.0,"Vec3(-1.3, 0.380419, -0.682091)","Vec3(0, 0, 0)",0
-0.6457619999999997,0.0,"Vec3(-1.3, 0.380419, -0.685543)","Vec3(0, 0, 0)",0
-0.65788175,0.0,"Vec3(-1.3, 0.380419, -0.688733)","Vec3(0, 0, 0)",0
-0.6720902499999992,0.0,"Vec3(-1.3, 0.380419, -0.692553)","Vec3(0, 0, 0)",0
-0.6850844999999994,0.0,"Vec3(-1.3, 0.380419, -0.696113)","Vec3(0, 0, 0)",0
-0.6970309999999991,0.0,"Vec3(-1.3, 0.380419, -0.699444)","Vec3(0, 0, 0)",0
-0.7099567499999992,0.0,"Vec3(-1.3, 0.380419, -0.703115)","Vec3(0, 0, 0)",0
-0.7274974499999995,0.0,"Vec3(-1.3, 0.380419, -0.711622)","Vec3(0, 0, 0)",-0.09355040000000159
-0.7378924499999997,0.0,"Vec3(-1.3, 0.38042, -0.716736)","Vec3(0, -0.0324152, 0)",-0.14983065955475242
-0.7480858499999994,0.0,"Vec3(-1.29999, 0.38042, -0.721819)","Vec3(0, -0.0833247, 0)",-0.2050311965436207
-0.7574123999999995,0.0,"Vec3(-1.29998, 0.38042, -0.726529)","Vec3(0, -0.147066, 0)",-0.25554802544187905
-0.7669570499999991,0.0,"Vec3(-1.29996, 0.38042, -0.731409)","Vec3(0, -0.22837, 0)",-0.3072560739156169
-0.7764503999999994,0.0,"Vec3(-1.29993, 0.38042, -0.736323)","Vec3(0, -0.325599, 0)",-0.35869627299457596
-0.7847770499999993,0.0,"Vec3(-1.2999, 0.38042, -0.740679)","Vec3(0, -0.425157, 0)",-0.4038234319638153
-0.7934387999999997,0.0,"Vec3(-1.29985, 0.38042, -0.745261)","Vec3(0, -0.541751, 0)",-0.45077471447635475
-0.8024003999999996,0.0,"Vec3(-1.2998, 0.38042, -0.750054)","Vec3(0, -0.676407, 0)",-0.4993599679374742
-0.8104357499999992,0.0,"Vec3(-1.29974, 0.38042, -0.754395)","Vec3(0, -0.810158, 0)",-0.5429315643879324
-0.8188121999999995,0.0,"Vec3(-1.29966, 0.38042, -0.758967)","Vec3(0, -0.961752, 0)",-0.5883602504477217
-0.8279053499999993,0.0,"Vec3(-1.29956, 0.38042, -0.763985)","Vec3(0, -1.14009, 0)",-0.6376843373539904
-0.8372033999999995,0.0,"Vec3(-1.29944, 0.38042, -0.769173)","Vec3(0, -1.33773, 0)",-0.6881292601694988
-0.8464178999999992,0.0,"Vec3(-1.2993, 0.38042, -0.774371)","Vec3(0, -1.54909, 0)",-0.738130416917197
-0.8554364999999997,0.0,"Vec3(-1.29914, 0.38042, -0.779512)","Vec3(0, -1.77098, 0)",-0.78707778408086
-0.8636431499999995,0.0,"Vec3(-1.29898, 0.38042, -0.784234)","Vec3(0, -1.98629, 0)",-0.8316266138533838
-0.8726567999999995,0.0,"Vec3(-1.29877, 0.38042, -0.789474)","Vec3(0, -2.23616, 0)",-0.8805643668621612
-0.8819494499999991,0.0,"Vec3(-1.29853, 0.38042, -0.794932)","Vec3(0, -2.50892, 0)",-0.9310261995524395
-0.9009340499999992,0.0,"Vec3(-1.29792, 0.38042, -0.806318)","Vec3(0, -3.09809, 0)",-1.0341377837222696
-0.9127907999999991,0.0,"Vec3(-1.29747, 0.38042, -0.81352)","Vec3(0, -3.50681, 0)",-1.098560689255307
-0.9219811499999997,0.0,"Vec3(-1.2971, 0.38042, -0.819156)","Vec3(0, -3.84335, 0)",-1.14850798558073
-0.9306781499999996,0.0,"Vec3(-1.2967, 0.38042, -0.824538)","Vec3(0, -4.1763, 0)",-1.19578292669868
-0.9416683499999996,0.0,"Vec3(-1.29615, 0.38042, -0.831415)","Vec3(0, -4.61436, 0)",-1.2555338088102497
-0.9524953499999995,0.0,"Vec3(-1.29554, 0.38042, -0.838263)","Vec3(0, -5.06748, 0)",-1.3144106358352992
-0.9626233499999997,0.0,"Vec3(-1.29492, 0.38042, -0.844733)","Vec3(0, -5.51123, 0)",-1.3694985106025
-0.9720043499999993,0.0,"Vec3(-1.29429, 0.38042, -0.850779)","Vec3(0, -5.93947, 0)",-1.4205338850076479
-0.9818725499999996,0.0,"Vec3(-1.29357, 0.38042, -0.857198)","Vec3(0, -6.40674, 0)",-1.4742300553772796
-1.0019966999999992,0.0,"Vec3(-1.29184, 0.38042, -0.870529)","Vec3(0, -7.39566, 0)",-1.5837543387636197
-1.0104265499999994,0.0,"Vec3(-1.29106, 0.38042, -0.876155)","Vec3(0, -7.84069, 0)",-1.6296520589726757
-1.0180408499999993,0.0,"Vec3(-1.29032, 0.38042, -0.881269)","Vec3(0, -8.25431, 0)",-1.6711165135148605
-1.0269475499999992,0.0,"Vec3(-1.28939, 0.38042, -0.887296)","Vec3(0, -8.75045, 0)",-1.7196264006747144
-1.036031249999999,0.0,"Vec3(-1.28838, 0.38042, -0.893488)","Vec3(0, -9.27113, 0)",-1.769109298836929
-1.0451894999999995,0.0,"Vec3(-1.28729, 0.38042, -0.899776)","Vec3(0, -9.8112, 0)",-1.8190075469697442
-1.0547234999999993,0.0,"Vec3(-1.28608, 0.38042, -0.90637)","Vec3(0, -10.3893, 0)",-1.8709627510467426
-1.0635853499999992,0.0,"Vec3(-1.28489, 0.38042, -0.912539)","Vec3(0, -10.942, 0)",-1.9192644845410174
-1.0725208499999992,0.0,"Vec3(-1.28362, 0.38042, -0.918799)","Vec3(0, -11.5136, 0)",-1.9679764475293422
-1.0818292499999997,0.0,"Vec3(-1.28221, 0.38042, -0.925363)","Vec3(0, -12.1242, 0)",-2.018730520093805
-1.0908710999999995,0.0,"Vec3(-1.28076, 0.38042, -0.931777)","Vec3(0, -12.7327, 0)",-2.0680405798498165
-1.0998296999999997,0.0,"Vec3(-1.27924, 0.38042, -0.938168)","Vec3(0, -13.3502, 0)",-2.1169056329427574
-1.1088970499999997,0.0,"Vec3(-1.27762, 0.38042, -0.944673)","Vec3(0, -13.99, 0)",-2.1663728930350126
-1.1179769999999998,0.0,"Vec3(-1.27591, 0.38042, -0.95122)","Vec3(0, -14.6457, 0)",-2.2159180407871406
-1.1271653999999995,0.0,"Vec3(-1.27408, 0.38042, -0.957879)","Vec3(0, -15.3244, 0)",-2.266064220772339
-1.1466305999999997,0.0,"Vec3(-1.26979, 0.38042, -0.972124)","Vec3(0, -16.7947, 0)",-2.3723164540994603
-1.1593160999999996,0.0,"Vec3(-1.26679, 0.38042, -0.981459)","Vec3(0, -17.7979, 0)",-2.44158862993016
-1.1709826499999998,0.0,"Vec3(-1.26386, 0.38042, -0.990084)","Vec3(0, -18.7474, 0)",-2.505313032068656
-1.1791826999999997,0.0,"Vec3(-1.26172, 0.38042, -0.996163)","Vec3(0, -19.4322, 0)",-2.5501135338774477
-1.1869042499999993,0.0,"Vec3(-1.25962, 0.38042, -1.0019)","Vec3(0, -20.0885, 0)",-2.592306813674911
-1.1950360499999997,0.0,"Vec3(-1.25732, 0.38042, -1.00796)","Vec3(0, -20.7912, 0)",-2.6
-1.2047945999999996,0.0,"Vec3(-1.25443, 0.38042, -1.01524)","Vec3(0, -21.6369, 0)",-2.6
-1.2142073999999998,0.0,"Vec3(-1.25152, 0.38042, -1.02228)","Vec3(0, -22.4527, 0)",-2.6
-1.2223268999999997,0.0,"Vec3(-1.24892, 0.38042, -1.02837)","Vec3(0, -23.1564, 0)",-2.6
-1.2304208999999993,0.0,"Vec3(-1.24623, 0.38042, -1.03444)","Vec3(0, -23.8579, 0)",-2.6
-1.2452921499999996,0.0,"Vec3(-1.24314, 0.38042, -1.04117)","Vec3(0, -24.6312, 0)",-2.5714773597872744
-1.2608563999999993,0.0,"Vec3(-1.23977, 0.38042, -1.04826)","Vec3(0, -25.4316, 0)",-2.541640995676984
-1.2754956499999996,0.0,"Vec3(-1.23648, 0.38042, -1.05497)","Vec3(0, -26.1758, 0)",-2.5135930284805634
-1.2893384,0.0,"Vec3(-1.23325, 0.38042, -1.06133)","Vec3(0, -26.8717, 0)",-2.487084619641165
-1.3029644,0.0,"Vec3(-1.22997, 0.38042, -1.06763)","Vec3(0, -27.5495, 0)",-2.461003854643725
-1.3169773999999994,0.0,"Vec3(-1.22647, 0.38042, -1.07413)","Vec3(0, -28.2392, 0)",-2.4341950839862063
-1.3324601499999993,0.0,"Vec3(-1.22247, 0.38042, -1.08135)","Vec3(0, -28.993, 0)",-2.404588946108863
-1.3466914,0.0,"Vec3(-1.21868, 0.38042, -1.08801)","Vec3(0, -29.6774, 0)",-2.3773906176761743
-1.3610388999999994,0.0,"Vec3(-1.21473, 0.38042, -1.09475)","Vec3(0, -30.3596, 0)",-2.3499837280002756
-1.3765213999999997,0.0,"Vec3(-1.21033, 0.38042, -1.10205)","Vec3(0, -31.0872, 0)",-2.3204235469848915
-1.3915621500000002,0.0,"Vec3(-1.20592, 0.38042, -1.10917)","Vec3(0, -31.7853, 0)",-2.291722307934694
-1.40684615,0.0,"Vec3(-1.2013, 0.38042, -1.11642)","Vec3(0, -32.4858, 0)",-2.262572216994734
-1.4216634,0.0,"Vec3(-1.19669, 0.38042, -1.12348)","Vec3(0, -33.1563, 0)",-2.23432742306914
-1.43769415,0.0,"Vec3(-1.19155, 0.38042, -1.13113)","Vec3(0, -33.8726, 0)",-2.20378527843911
-1.4532166499999992,0.0,"Vec3(-1.18643, 0.38042, -1.13856)","Vec3(0, -34.5568, 0)",-2.1742280522686697
-1.47475615,0.0,"Vec3(-1.17906, 0.38042, -1.14891)","Vec3(0, -35.4934, 0)",-2.1332358229375132
-1.4906824,0.0,"Vec3(-1.17345, 0.38042, -1.15657)","Vec3(0, -36.1729, 0)",-2.1029491452797755
-1.5046418999999993,0.0,"Vec3(-1.16842, 0.38042, -1.16331)","Vec3(0, -36.7601, 0)",-2.0764174240106303
-1.5205876499999997,0.0,"Vec3(-1.16253, 0.38042, -1.17101)","Vec3(0, -37.4223, 0)",-2.0461254335824246
-1.5351604,0.0,"Vec3(-1.15702, 0.38042, -1.17806)","Vec3(0, -38.0186, 0)",-2.0184572098275266
-1.5492979,0.0,"Vec3(-1.15155, 0.38042, -1.18491)","Vec3(0, -38.5893, 0)",-1.9916290985045269
-1.5634008999999998,0.0,"Vec3(-1.14599, 0.38042, -1.19175)","Vec3(0, -39.1511, 0)",-1.9648797483901073
-1.5770611500000002,0.0,"Vec3(-1.14048, 0.38042, -1.19838)","Vec3(0, -39.6879, 0)",-1.9389830115330546
-1.5911008999999992,0.0,"Vec3(-1.13471, 0.38042, -1.2052)","Vec3(0, -40.2324, 0)",-1.9123796144851042
-1.60507565,0.0,"Vec3(-1.12885, 0.38042, -1.21199)","Vec3(0, -40.7669, 0)",-1.8859124636385873
-1.6342554000000002,0.0,"Vec3(-1.11612, 0.38042, -1.2262)","Vec3(0, -41.8675, 0)",-1.8306753440517929
-1.6551061500000002,0.0,"Vec3(-1.10677, 0.38042, -1.23635)","Vec3(0, -42.6309, 0)",-1.791245540770563
-1.6686773999999998,0.0,"Vec3(-1.10058, 0.38042, -1.24297)","Vec3(0, -43.1171, 0)",-1.7656004980597761
-1.68143765,0.0,"Vec3(-1.09467, 0.38042, -1.24919)","Vec3(0, -43.5677, 0)",-1.741499514112666
-1.6954943999999998,0.0,"Vec3(-1.08804, 0.38042, -1.25604)","Vec3(0, -44.0573, 0)",-1.7149617173584417
-1.70992215,0.0,"Vec3(-1.08111, 0.38042, -1.26307)","Vec3(0, -44.5521, 0)",-1.6877370286470816
-1.7253663999999995,0.0,"Vec3(-1.07357, 0.38042, -1.2706)","Vec3(0, -45.0734, 0)",-1.6586090929914248
-1.7560286499999993,0.0,"Vec3(-1.05805, 0.38042, -1.28553)","Vec3(0, -46.0906, 0)",-1.6008115007179853
-1.7704563999999994,0.0,"Vec3(-1.05063, 0.38042, -1.29256)","Vec3(0, -46.5525, 0)",-1.5736450368749877
-1.7853786499999995,0.0,"Vec3(-1.04284, 0.38042, -1.29982)","Vec3(0, -47.0221, 0)",-1.5455618164093141
-1.8030448999999997,0.0,"Vec3(-1.03343, 0.38042, -1.30842)","Vec3(0, -47.5682, 0)",-1.5123320461143512
-1.81999615,0.0,"Vec3(-1.02425, 0.38042, -1.31666)","Vec3(0, -48.081, 0)",-1.4804671371050926
-1.8350094,0.0,"Vec3(-1.01599, 0.38042, -1.32396)","Vec3(0, -48.5255, 0)",-1.4522622409183585
-1.8455173499999997,0.0,"Vec3(-1.00623, 0.38042, -1.33244)","Vec3(0, -49.0342, 0)",-1.3983623061433295
-1.8547463999999996,0.0,"Vec3(-0.997559, 0.38042, -1.33986)","Vec3(0, -49.4643, 0)",-1.3510331919098877
-1.8628868999999997,0.0,"Vec3(-0.989833, 0.38042, -1.34638)","Vec3(0, -49.831, 0)",-1.3092948100286872
-1.87060515,0.0,"Vec3(-0.982442, 0.38042, -1.35254)","Vec3(0, -50.1678, 0)",-1.2697283907860102
-1.8781375499999995,0.0,"Vec3(-0.975166, 0.38042, -1.35854)","Vec3(0, -50.4866, 0)",-1.231121162589553
-1.8869389499999998,0.0,"Vec3(-0.96658, 0.38042, -1.36553)","Vec3(0, -50.8478, 0)",-1.1860170559042815
-1.8960608999999997,0.0,"Vec3(-0.957593, 0.38042, -1.37276)","Vec3(0, -51.2084, 0)",-1.1392791628770544
-1.9051792499999995,0.0,"Vec3(-0.948522, 0.38042, -1.37996)","Vec3(0, -51.5547, 0)",-1.0925689569778902
-1.91422275,0.0,"Vec3(-0.939442, 0.38042, -1.38708)","Vec3(0, -51.884, 0)",-1.0462513445942632
-1.9239571499999994,0.0,"Vec3(-0.929573, 0.38042, -1.39473)","Vec3(0, -52.2235, 0)",-0.9964049679206659
-1.9358687999999995,0.0,"Vec3(-0.917358, 0.38042, -1.40406)","Vec3(0, -52.6192, 0)",-0.9354225572746432
-1.9479586499999997,0.0,"Vec3(-0.90482, 0.38042, -1.41351)","Vec3(0, -52.9961, 0)",-0.8735438420981623
-1.9577565,0.0,"Vec3(-0.894569, 0.38042, -1.42116)","Vec3(0, -53.2814, 0)",-0.8234092872824836
-1.96629705,0.0,"Vec3(-0.885568, 0.38042, -1.42782)","Vec3(0, -53.5158, 0)",-0.7797175003131576
-1.97487765,0.0,"Vec3(-0.876458, 0.38042, -1.4345)","Vec3(0, -53.7389, 0)",-0.7358289679206279
-1.9835369999999997,0.0,"Vec3(-0.8672, 0.38042, -1.44124)","Vec3(0, -53.9513, 0)",-0.6915458964515774
-1.99223625,0.0,"Vec3(-0.857835, 0.38042, -1.448)","Vec3(0, -54.1518, 0)",-0.647067150256826
-2.0005493999999997,0.0,"Vec3(-0.848828, 0.38042, -1.45447)","Vec3(0, -54.3311, 0)",-0.6045705456770136
-2.0100854999999993,0.0,"Vec3(-0.838421, 0.38042, -1.46188)","Vec3(0, -54.5233, 0)",-0.5558310611362757
-2.0209697999999996,0.0,"Vec3(-0.826449, 0.38042, -1.47035)","Vec3(0, -54.7249, 0)",-0.5002123915371253
-2.03086605,0.0,"Vec3(-0.815488, 0.38042, -1.47806)","Vec3(0, -54.8899, 0)",-0.44965461624637326
-2.0387466,0.0,"Vec3(-0.806714, 0.38042, -1.4842)","Vec3(0, -55.008, 0)",-0.4094032764075214
-2.0465904000000004,0.0,"Vec3(-0.797935, 0.38042, -1.49032)","Vec3(0, -55.1151, 0)",-0.369346512027641
-2.0548474500000005,0.0,"Vec3(-0.788645, 0.38042, -1.49677)","Vec3(0, -55.2168, 0)",-0.3271865563901216
-2.0636814,0.0,"Vec3(-0.778651, 0.38042, -1.50369)","Vec3(0, -55.3131, 0)",-0.2820890919046709
-2.0731783500000005,0.0,"Vec3(-0.767846, 0.38042, -1.51114)","Vec3(0, -55.4024, 0)",-0.2336163229126389
-2.0815449000000004,0.0,"Vec3(-0.758282, 0.38042, -1.51773)","Vec3(0, -55.4675, 0)",-0.1909219840597721
-2.0895879,0.0,"Vec3(-0.749046, 0.38042, -1.52407)","Vec3(0, -55.5187, 0)",-0.14988619135207312
-2.09829465,0.0,"Vec3(-0.739001, 0.38042, -1.53096)","Vec3(0, -55.5622, 0)",-0.1054716935129982
-2.1072597,0.0,"Vec3(-0.72861, 0.38042, -1.53807)","Vec3(0, -55.5937, 0)",-0.059748239785439416
-2.11627095,0.0,"Vec3(-0.718118, 0.38042, -1.54525)","Vec3(0, -55.6117, 0)",-0.013798133560064846
-2.1250323,0.0,"Vec3(-0.707875, 0.38042, -1.55226)","Vec3(0, -55.6157, 0)",0.030868911941292092
-2.13346305,0.0,"Vec3(-0.69798, 0.38042, -1.55904)","Vec3(0, -55.607, 0)",0.07782353594831733
-2.1419713500000004,0.0,"Vec3(-0.687957, 0.38042, -1.5659)","Vec3(0, -55.585, 0)",0.1252180408003543
-2.1511476,0.0,"Vec3(-0.677106, 0.38042, -1.57335)","Vec3(0, -55.5467, 0)",0.17634195908928993
-2.1599277,0.0,"Vec3(-0.666687, 0.38042, -1.58051)","Vec3(0, -55.4951, 0)",0.22526774698292906
-2.1689544000000005,0.0,"Vec3(-0.65594, 0.38042, -1.58792)","Vec3(0, -55.4273, 0)",0.27557648246844246
-2.1779535,0.0,"Vec3(-0.645191, 0.38042, -1.59535)","Vec3(0, -55.3446, 0)",0.32574041997300146
-2.1870933,0.0,"Vec3(-0.634242, 0.38042, -1.60294)","Vec3(0, -55.2454, 0)",0.37669780435070166
-2.1962554499999998,0.0,"Vec3(-0.623236, 0.38042, -1.61061)","Vec3(0, -55.1303, 0)",0.4277891017816572
-2.2051840499999997,0.0,"Vec3(-0.612483, 0.38042, -1.61814)","Vec3(0, -55.003, 0)",0.4775871336050869
-2.2144552499999994,0.0,"Vec3(-0.601291, 0.38042, -1.62602)","Vec3(0, -54.8554, 0)",0.529305167201124
-2.2328101499999997,0.0,"Vec3(-0.579039, 0.38042, -1.64187)","Vec3(0, -54.5316, 0)",0.6317142010531493
-2.2477638,0.0,"Vec3(-0.560861, 0.38042, -1.65498)","Vec3(0, -54.2167, 0)",0.7151768523308784
-2.2567155000000003,0.0,"Vec3(-0.549965, 0.38042, -1.66289)","Vec3(0, -54.0033, 0)",0.765154953131819
-2.26575615,0.0,"Vec3(-0.538949, 0.38042, -1.67096)","Vec3(0, -53.7727, 0)",0.8156386614634927
-2.27617365,0.0,"Vec3(-0.526243, 0.38042, -1.68037)","Vec3(0, -53.4895, 0)",0.8738212742071175
-2.2845444000000006,0.0,"Vec3(-0.516029, 0.38042, -1.688)","Vec3(0, -53.2457, 0)",0.9205823053827568
-2.293016250000001,0.0,"Vec3(-0.505688, 0.38042, -1.69579)","Vec3(0, -52.9857, 0)",0.9679159851022171
-2.3013451500000004,0.0,"Vec3(-0.495521, 0.38042, -1.70353)","Vec3(0, -52.717, 0)",1.0144588187738395
-2.309833200000001,0.0,"Vec3(-0.485161, 0.38042, -1.7115)","Vec3(0, -52.43, 0)",1.061898855740558
-2.3179264500000007,0.0,"Vec3(-0.475286, 0.38042, -1.71918)","Vec3(0, -52.1435, 0)",1.1071399732456588
-2.3263501500000006,0.0,"Vec3(-0.465015, 0.38042, -1.72725)","Vec3(0, -51.8326, 0)",1.1542358751386415
-2.334574350000001,0.0,"Vec3(-0.454996, 0.38042, -1.73522)","Vec3(0, -51.5162, 0)",1.2002240939057134
-2.342398050000001,0.0,"Vec3(-0.445474, 0.38042, -1.74287)","Vec3(0, -51.2032, 0)",1.2439799393881665
-2.3507079000000006,0.0,"Vec3(-0.435373, 0.38042, -1.75109)","Vec3(0, -50.8586, 0)",1.2904619145476994
-2.3607591000000006,0.0,"Vec3(-0.42318, 0.38042, -1.76117)","Vec3(0, -50.4262, 0)",1.346693585130419
-2.3691402000000004,0.0,"Vec3(-0.413032, 0.38042, -1.76967)","Vec3(0, -50.05, 0)",1.393591202696309
-2.3780691000000003,0.0,"Vec3(-0.402246, 0.38042, -1.77884)","Vec3(0, -49.6352, 0)",1.44356242668873
-2.3870055,0.0,"Vec3(-0.39148, 0.38042, -1.78813)","Vec3(0, -49.2052, 0)",1.493584490767089
-2.396175,0.0,"Vec3(-0.380468, 0.38042, -1.79779)","Vec3(0, -48.7487, 0)",1.5449204515373394
-2.4057813,0.0,"Vec3(-0.368973, 0.38042, -1.80805)","Vec3(0, -48.254, 0)",1.5987116488598392
-2.4145300500000006,0.0,"Vec3(-0.358542, 0.38042, -1.81751)","Vec3(0, -47.7878, 0)",1.6477102687652172
-2.4233977500000004,0.0,"Vec3(-0.348013, 0.38042, -1.82722)","Vec3(0, -47.3008, 0)",1.6973837052234806
-2.4326796,0.0,"Vec3(-0.337044, 0.38042, -1.83753)","Vec3(0, -46.7756, 0)",1.7493861957130183
-2.4434995500000003,0.0,"Vec3(-0.324334, 0.38042, -1.84974)","Vec3(0, -46.1446, 0)",1.810017203672799
-2.4534334500000003,0.0,"Vec3(-0.312736, 0.38042, -1.86112)","Vec3(0, -45.5453, 0)",1.8656950570261044
-2.4625695000000007,0.0,"Vec3(-0.302135, 0.38042, -1.87173)","Vec3(0, -44.9771, 0)",1.9169111782117578
-2.4725800500000004,0.0,"Vec3(-0.290602, 0.38042, -1.88354)","Vec3(0, -44.3375, 0)",1.9730398532237818
-2.4821761500000004,0.0,"Vec3(-0.27963, 0.38042, -1.89502)","Vec3(0, -43.7064, 0)",2.026855400492427
-2.4911520000000005,0.0,"Vec3(-0.269445, 0.38042, -1.9059)","Vec3(0, -43.0999, 0)",2.077202116136424
-2.4995712,0.0,"Vec3(-0.259964, 0.38042, -1.91624)","Vec3(0, -42.517, 0)",2.1244349057940215
-2.50770915,0.0,"Vec3(-0.250871, 0.38042, -1.92636)","Vec3(0, -41.9407, 0)",2.1700974597325833
-2.5167864,0.0,"Vec3(-0.240822, 0.38042, -1.93781)","Vec3(0, -41.2841, 0)",2.2210386933861197
-2.5253280000000005,0.0,"Vec3(-0.231454, 0.38042, -1.94872)","Vec3(0, -40.6517, 0)",2.2689824914654824
-2.5334319000000005,0.0,"Vec3(-0.222649, 0.38042, -1.95919)","Vec3(0, -40.0388, 0)",2.314477180974283
-2.5419604500000004,0.0,"Vec3(-0.213479, 0.38042, -1.97037)","Vec3(0, -39.3808, 0)",2.362363503266587
-2.5600383000000004,0.0,"Vec3(-0.194502, 0.38042, -1.99469)","Vec3(0, -37.9573, 0)",2.4638846121244784
-2.5690851,0.0,"Vec3(-0.18513, 0.38042, -2.00703)","Vec3(0, -37.2143, 0)",2.5147075626236366
-2.5780024500000005,0.0,"Vec3(-0.176021, 0.38042, -2.01936)","Vec3(0, -36.4668, 0)",2.5648122549588037
-2.58777405,0.0,"Vec3(-0.1662, 0.38042, -2.03306)","Vec3(0, -35.6314, 0)",2.6
-2.5967454,0.0,"Vec3(-0.157325, 0.38042, -2.0458)","Vec3(0, -34.8539, 0)",2.6
-2.6147808,0.0,"Vec3(-0.140068, 0.38042, -2.07208)","Vec3(0, -33.2908, 0)",2.6
-2.6248239,0.0,"Vec3(-0.130646, 0.38042, -2.08692)","Vec3(0, -32.4204, 0)",2.6
-2.6340687000000003,0.0,"Vec3(-0.122135, 0.38042, -2.10074)","Vec3(0, -31.6192, 0)",2.6
-2.6477815500000004,0.0,"Vec3(-0.109875, 0.38042, -2.12161)","Vec3(0, -30.4307, 0)",2.6
-2.6568010500000008,0.0,"Vec3(-0.101972, 0.38042, -2.1355)","Vec3(0, -29.649, 0)",2.6
-2.6651188500000007,0.0,"Vec3(-0.0948236, 0.38042, -2.14843)","Vec3(0, -28.9282, 0)",2.6
-2.673391950000001,0.0,"Vec3(-0.0878534, 0.38042, -2.16143)","Vec3(0, -28.2112, 0)",2.6
-2.681121600000001,0.0,"Vec3(-0.081465, 0.38042, -2.17368)","Vec3(0, -27.5413, 0)",2.6
-2.6892211500000016,0.0,"Vec3(-0.0749089, 0.38042, -2.18663)","Vec3(0, -26.8393, 0)",2.6
-2.699306700000001,0.0,"Vec3(-0.0669627, 0.38042, -2.20295)","Vec3(0, -25.9652, 0)",2.6
-2.7088228500000016,0.0,"Vec3(-0.0596618, 0.38042, -2.21851)","Vec3(0, -25.1405, 0)",2.6
-2.7174606000000012,0.0,"Vec3(-0.0531993, 0.38042, -2.23276)","Vec3(0, -24.3919, 0)",2.6
-2.7258945000000017,0.0,"Vec3(-0.0470484, 0.38042, -2.2468)","Vec3(0, -23.6609, 0)",2.6
-2.7346744500000018,0.0,"Vec3(-0.0408198, 0.38042, -2.26154)","Vec3(0, -22.9, 0)",2.6
